Action,Time
createClient,05/05/2024 19:52
buyTicket,05/05/2024 19:53
createClient,05/05/2024 19:57
createClient,05/05/2024 19:57
createClient,05/05/2024 19:58
getEvents,05/05/2024 20:00
getInfo,05/05/2024 20:00
buyTicket,05/05/2024 20:01
getEvents,05/05/2024 20:01
getEvents,05/05/2024 20:04
gethypeTiers,05/05/2024 20:04
getEvents,05/05/2024 20:05
createConcertEvent,05/05/2024 20:07
createConcertEvent,05/05/2024 20:08
getEvents,05/05/2024 20:17
getEvents,05/05/2024 20:24
getEvents,05/05/2024 20:44
updateClient,05/05/2024 20:51
getClients,05/05/2024 20:52
getEvents,05/05/2024 20:58
getClients,05/05/2024 20:58
gethypeTiers,05/05/2024 20:58
gethypeTiersByType,05/05/2024 20:59
gethypeTiersByType,05/05/2024 20:59
addhypeTierToEvent,05/05/2024 21:01
createMaratonEvent,05/05/2024 21:05
gethypeTiers,05/05/2024 21:17
gethypeTiers,05/05/2024 21:20
deleteClient,05/05/2024 21:21
changePassword,05/05/2024 21:24
getInfo,05/05/2024 21:25
getEvents,05/05/2024 21:25
changePassword,05/05/2024 21:26
getInfo,05/05/2024 21:27
buyTicket,05/05/2024 21:27
getInfo,05/05/2024 21:27
gethypeTiers,05/05/2024 21:28
gethypeTiersByType,05/05/2024 21:28
getTickets,05/05/2024 21:30
createhypeTier,05/05/2024 21:41
gethypeTiers,05/05/2024 21:41
gethypeTiersByType,05/05/2024 21:41
gethypeTiers,05/05/2024 21:42
gethypeTiersByType,05/05/2024 21:44
deleteClient,05/05/2024 21:46
getClients,05/05/2024 21:46
createClient,05/05/2024 21:47
getClients,05/05/2024 21:47
getInfo,05/05/2024 21:53
getEvents,05/05/2024 21:53
getTickets,05/05/2024 21:54
buyTicket,05/05/2024 21:54
getInfo,05/05/2024 21:54
getTickets,05/05/2024 21:55
gethypeTiers,05/05/2024 21:55
gethypeTiersByType,05/05/2024 21:56
createClient,05/05/2024 21:58
updateClient,05/05/2024 21:59
updateClient,05/05/2024 21:59
getEvents,05/05/2024 22:00
getClients,05/05/2024 22:00
gethypeTiers,05/05/2024 22:01
createCharityGalaEvent,05/05/2024 22:03
gethypeTiers,05/05/2024 22:09
gethypeTiers,05/05/2024 22:10
gethypeTiers,05/05/2024 22:13
addhypeTierToEvent,05/05/2024 22:14
getEvents,05/05/2024 22:14
deleteEvent,05/05/2024 22:15
deleteEvent,05/05/2024 22:16
deleteEvent,05/05/2024 22:21
deleteClient,05/05/2024 22:23
deleteClient,05/05/2024 22:24
deleteClient,05/05/2024 22:24
deleteClient,05/05/2024 22:25
deleteClient,05/05/2024 22:26
deleteClient,05/05/2024 22:26
deleteClient,05/05/2024 22:27
createClient,05/05/2024 22:28
createClient,05/05/2024 22:29
createClient,05/05/2024 22:29
createClient,05/05/2024 22:30
deleteClient,05/05/2024 22:30
deleteClient,05/05/2024 22:36
deleteClient,05/05/2024 22:48
deleteClient,05/05/2024 22:49
deleteClient,05/05/2024 22:50
createClient,05/05/2024 22:51
createClient,05/05/2024 22:59
createClient,05/05/2024 23:02
createClient,05/05/2024 23:10
createClient,05/05/2024 23:11
createClient,05/05/2024 23:11
createClient,05/05/2024 23:12
createClient,05/05/2024 23:13
createClient,05/05/2024 23:15
createClient,05/05/2024 23:16
createClient,05/05/2024 23:19
createClient,05/05/2024 23:20
createClient,05/05/2024 23:23
deleteClient,06/05/2024 00:29
deleteClient,06/05/2024 00:38
createClient,06/05/2024 00:41
getClients,06/05/2024 00:42
createClient,06/05/2024 00:47
deleteClient,06/05/2024 00:47
createClient,06/05/2024 00:49
getInfo,06/05/2024 00:49
createClient,06/05/2024 00:50
deleteClient,06/05/2024 00:51
createClient,06/05/2024 00:52
deleteClient,06/05/2024 00:53
deleteClient,06/05/2024 00:53
createClient,06/05/2024 00:59
deleteClient,06/05/2024 00:59
createClient,06/05/2024 00:59
createClient,06/05/2024 01:12
deleteClient,06/05/2024 01:13
createClient,06/05/2024 01:14
createClient,06/05/2024 01:14
createClient,06/05/2024 01:15
createClient,06/05/2024 01:15
createClient,06/05/2024 01:17
createClient,06/05/2024 01:18
createClient,06/05/2024 01:19
deleteClient,06/05/2024 01:20
createClient,06/05/2024 01:28
createClient,06/05/2024 01:29
createClient,06/05/2024 01:30
deleteClient,06/05/2024 01:30
deleteClient,06/05/2024 01:31
createClient,06/05/2024 01:32
deleteClient,06/05/2024 01:32
deleteClient,06/05/2024 01:33
createClient,06/05/2024 01:37
createClient,06/05/2024 01:38
gethypeTiers,06/05/2024 01:46
gethypeTiers,06/05/2024 01:50
createhypeTier,06/05/2024 01:53
gethypeTiers,06/05/2024 01:53
gethypeTiersByType,06/05/2024 01:53
getEvents,06/05/2024 01:54
getClients,06/05/2024 01:54
buyTicket,06/05/2024 02:00
getInfo,06/05/2024 02:00
getTickets,06/05/2024 02:00
buyTicket,06/05/2024 02:00
getTickets,06/05/2024 02:00
getTickets,06/05/2024 02:02
getTickets,06/05/2024 02:02
getInfo,06/05/2024 02:02
buyTicket,06/05/2024 02:03
buyTicket,06/05/2024 02:03
getTickets,06/05/2024 02:03
addhypeTierToEvent,06/05/2024 02:08
getEvents,06/05/2024 02:08
updateClient,06/05/2024 02:10
deleteClient,06/05/2024 02:10
createClient,07/05/2024 13:41
createClient,07/05/2024 13:42
deleteClient,07/05/2024 13:42
deleteClient,07/05/2024 13:47
deleteClient,07/05/2024 13:47
deleteClient,07/05/2024 13:48
createClient,07/05/2024 13:49
createClient,07/05/2024 13:49
createClient,07/05/2024 13:49
createhypeTier,07/05/2024 13:51
gethypeTiers,07/05/2024 13:51
gethypeTiersByType,07/05/2024 13:51
gethypeTiers,07/05/2024 13:58
gethypeTiers,07/05/2024 14:01
gethypeTiers,07/05/2024 14:02
gethypeTiers,07/05/2024 14:06
getInfo,07/05/2024 14:06
getEvents,07/05/2024 14:06
gethypeTiers,07/05/2024 14:19
getEvents,07/05/2024 14:19
gethypeTiers,07/05/2024 14:27
gethypeTiers,07/05/2024 14:47
buyTicket,07/05/2024 14:55
getTickets,07/05/2024 14:55
gethypeTiers,07/05/2024 15:12
gethypeTiers,07/05/2024 15:25
addhypeTierToEvent,07/05/2024 17:20
getEvents,07/05/2024 17:20
addhypeTierToEvent,07/05/2024 17:24
getEvents,07/05/2024 17:24
getEvents,07/05/2024 17:47
addhypeTierToEvent,07/05/2024 17:47
getEvents,07/05/2024 17:47
gethypeTiersByType,07/05/2024 17:47
gethypeTiersByType,07/05/2024 17:47
createhypeTier,07/05/2024 17:48
gethypeTiersByType,07/05/2024 17:48
buyTicket,07/05/2024 17:50
getClients,07/05/2024 17:50
getInfo,07/05/2024 17:51
buyTicket,07/05/2024 17:51
getTickets,07/05/2024 17:51
gethypeTiers,07/05/2024 17:51
gethypeTiersByType,07/05/2024 17:52
getClients,07/05/2024 17:52
updatehypeTier,07/05/2024 18:01
updatehypeTier,07/05/2024 18:01
updateClient,07/05/2024 20:34
createClientTabletDB,08/05/2024 12:52
deleteClient,08/05/2024 12:52
deleteClient,08/05/2024 12:52
createClientTabletDB,08/05/2024 12:54
deleteClient,08/05/2024 12:54
deleteClient,08/05/2024 12:54
createClientTabletDB,08/05/2024 12:55
getClients,08/05/2024 12:55
createClientTabletDB,08/05/2024 12:55
createClient,08/05/2024 12:56
getClients,08/05/2024 12:56
createClientTabletDB,08/05/2024 12:56
createClient,08/05/2024 12:56
createClientTabletDB,08/05/2024 12:57
getClients,08/05/2024 12:57
createClientTabletDB,08/05/2024 12:58
getClients,08/05/2024 12:58
createClientTabletDB,08/05/2024 12:59
getClients,08/05/2024 12:59
createClientTabletDB,08/05/2024 12:59
updateClient,08/05/2024 13:00
createClientTabletDB,08/05/2024 13:00
deleteClient,08/05/2024 13:00
createClientTabletDB,08/05/2024 13:03
addClientDB,08/05/2024 13:03
addClientDB,08/05/2024 13:03
addClientDB,08/05/2024 13:03
addClientDB,08/05/2024 13:03
deleteClient,08/05/2024 13:03
createClientTabletDB,08/05/2024 13:09
addClientDB,08/05/2024 13:09
addClientDB,08/05/2024 13:09
addClientDB,08/05/2024 13:09
deleteClientDB,08/05/2024 13:09
deleteClient,08/05/2024 13:09
createClientTabletDB,08/05/2024 13:09
addClientDB,08/05/2024 13:09
addClientDB,08/05/2024 13:09
createClient,08/05/2024 13:10
createClientTabletDB,08/05/2024 13:10
addClientDB,08/05/2024 13:10
addClientDB,08/05/2024 13:10
addClientDB,08/05/2024 13:10
getClients,08/05/2024 13:10
createClientTabletDB,08/05/2024 13:11
addClientDB,08/05/2024 13:11
addClientDB,08/05/2024 13:11
addClientDB,08/05/2024 13:11
createClient,08/05/2024 13:11
createClientTabletDB,08/05/2024 13:20
addClientDB,08/05/2024 13:20
addClientDB,08/05/2024 13:20
addClientDB,08/05/2024 13:20
addClientDB,08/05/2024 13:20
createClientTabletDB,08/05/2024 13:40
addClientDB,08/05/2024 13:40
addClientDB,08/05/2024 13:40
addClientDB,08/05/2024 13:40
addClientDB,08/05/2024 13:40
createClient,08/05/2024 13:41
createClientTabletDB,08/05/2024 13:41
addClientDB,08/05/2024 13:41
addClientDB,08/05/2024 13:41
addClientDB,08/05/2024 13:41
addClientDB,08/05/2024 13:41
addClientDB,08/05/2024 13:41
updateClientDB,08/05/2024 13:41
updateClient,08/05/2024 13:41
createClientTabletDB,08/05/2024 13:41
addClientDB,08/05/2024 13:41
addClientDB,08/05/2024 13:41
addClientDB,08/05/2024 13:41
addClientDB,08/05/2024 13:41
addClientDB,08/05/2024 13:41
deleteClientDB,08/05/2024 13:41
deleteClient,08/05/2024 13:41
createClientTabletDB,08/05/2024 13:53
addClientDB,08/05/2024 13:53
createClientTabletDB,08/05/2024 14:07
createClientTabletDB,08/05/2024 14:07
createClientTabletDB,08/05/2024 14:10
createClientTabletDB,08/05/2024 14:12
createClientTabletDB,08/05/2024 14:12
batchInsertClientsDB,08/05/2024 14:12
createClientTabletDB,08/05/2024 14:16
createClientTabletDB,08/05/2024 14:16
batchInsertClientsDB,08/05/2024 14:16
createClientTabletDB,08/05/2024 14:17
createClientTabletDB,08/05/2024 14:21
createClientTabletDB,08/05/2024 14:22
createClient,08/05/2024 14:22
createClientTabletDB,08/05/2024 14:27
createClientTabletDB,08/05/2024 14:30
addClientDB,08/05/2024 14:30
addClientDB,08/05/2024 14:30
addClientDB,08/05/2024 14:30
addClientDB,08/05/2024 14:30
addClientDB,08/05/2024 14:30
createClient,08/05/2024 14:30
createClientTabletDB,08/05/2024 14:39
addClientDB,08/05/2024 14:39
addClientDB,08/05/2024 14:39
addClientDB,08/05/2024 14:39
addClientDB,08/05/2024 14:39
addClientDB,08/05/2024 14:39
addClientDB,08/05/2024 14:39
updatehypeTier,08/05/2024 14:40
createClientTabletDB,08/05/2024 14:43
addClientDB,08/05/2024 14:43
addClientDB,08/05/2024 14:43
addClientDB,08/05/2024 14:43
addClientDB,08/05/2024 14:43
addClientDB,08/05/2024 14:43
addClientDB,08/05/2024 14:43
deletehypeTier,08/05/2024 14:43
deletehypeTier,08/05/2024 14:44
createClientTabletDB,08/05/2024 14:44
addClientDB,08/05/2024 14:44
addClientDB,08/05/2024 14:44
addClientDB,08/05/2024 14:44
addClientDB,08/05/2024 14:44
addClientDB,08/05/2024 14:44
addClientDB,08/05/2024 14:44
gethypeTiers,08/05/2024 14:44
deletehypeTier,08/05/2024 14:44
createClientTabletDB,08/05/2024 15:08
createHypeTierTableDB,08/05/2024 15:08
addClientDB,08/05/2024 15:08
addClientDB,08/05/2024 15:08
addClientDB,08/05/2024 15:08
addClientDB,08/05/2024 15:08
addClientDB,08/05/2024 15:08
addClientDB,08/05/2024 15:08
createClientTabletDB,08/05/2024 15:16
createHypeTierTableDB,08/05/2024 15:16
addClientDB,08/05/2024 15:16
addClientDB,08/05/2024 15:16
addClientDB,08/05/2024 15:16
addClientDB,08/05/2024 15:16
addClientDB,08/05/2024 15:16
addClientDB,08/05/2024 15:16
addhypeTierDB,08/05/2024 15:16
addhypeTierDB,08/05/2024 15:16
addhypeTierDB,08/05/2024 15:16
createClientTabletDB,08/05/2024 20:32
createHypeTierTableDB,08/05/2024 20:32
addClientDB,08/05/2024 20:32
addClientDB,08/05/2024 20:32
addClientDB,08/05/2024 20:32
addClientDB,08/05/2024 20:32
addClientDB,08/05/2024 20:32
addClientDB,08/05/2024 20:32
addhypeTierDB,08/05/2024 20:32
addhypeTierDB,08/05/2024 20:32
addhypeTierDB,08/05/2024 20:32
createClientTabletDB,08/05/2024 20:35
createHypeTierTableDB,08/05/2024 20:35
createClientTabletDB,08/05/2024 20:36
createHypeTierTableDB,08/05/2024 20:36
deleteClientDB,08/05/2024 20:36
deleteClient,08/05/2024 20:36
createClientTabletDB,08/05/2024 20:37
createHypeTierTableDB,08/05/2024 20:37
deleteClientDB,08/05/2024 20:37
deleteClient,08/05/2024 20:37
createClientTabletDB,08/05/2024 20:43
createHypeTierTableDB,08/05/2024 20:43
addClientDB,08/05/2024 20:43
createClientTabletDB,08/05/2024 20:46
createHypeTierTableDB,08/05/2024 20:46
createClientTabletDB,08/05/2024 20:47
createHypeTierTableDB,08/05/2024 20:47
createClientTabletDB,08/05/2024 20:49
createHypeTierTableDB,08/05/2024 20:49
createClientTabletDB,08/05/2024 20:49
createHypeTierTableDB,08/05/2024 20:49
createClientTabletDB,08/05/2024 20:52
createHypeTierTableDB,08/05/2024 20:52
createClientTabletDB,08/05/2024 20:53
createHypeTierTableDB,08/05/2024 20:53
createClientTabletDB,08/05/2024 20:54
createHypeTierTableDB,08/05/2024 20:54
addClientDB,08/05/2024 20:54
addClientDB,08/05/2024 20:54
addClientDB,08/05/2024 20:54
addClientDB,08/05/2024 20:54
createClientTabletDB,08/05/2024 20:55
createHypeTierTableDB,08/05/2024 20:55
addClientDB,08/05/2024 20:55
addClientDB,08/05/2024 20:55
addClientDB,08/05/2024 20:55
addClientDB,08/05/2024 20:55
getClients,08/05/2024 20:56
buyTicket,08/05/2024 20:56
getClients,08/05/2024 20:56
getEvents,08/05/2024 20:56
deleteClientDB,08/05/2024 20:57
deleteClient,08/05/2024 20:57
createClientTabletDB,08/05/2024 20:59
createHypeTierTableDB,08/05/2024 20:59
addClientDB,08/05/2024 20:59
addClientDB,08/05/2024 20:59
addClientDB,08/05/2024 20:59
getClients,08/05/2024 20:59
updateClientDB,08/05/2024 21:00
updateClient,08/05/2024 21:00
createClientTabletDB,08/05/2024 21:01
createHypeTierTableDB,08/05/2024 21:01
addClientDB,08/05/2024 21:01
addClientDB,08/05/2024 21:01
addClientDB,08/05/2024 21:01
createClient,08/05/2024 21:01
createClientTabletDB,08/05/2024 21:02
createHypeTierTableDB,08/05/2024 21:02
addClientDB,08/05/2024 21:02
addClientDB,08/05/2024 21:02
addClientDB,08/05/2024 21:02
addClientDB,08/05/2024 21:02
getClients,08/05/2024 21:02
createClient,08/05/2024 21:02
getClients,08/05/2024 21:03
createClientTabletDB,08/05/2024 21:03
createHypeTierTableDB,08/05/2024 21:03
addClientDB,08/05/2024 21:03
addClientDB,08/05/2024 21:03
addClientDB,08/05/2024 21:03
addClientDB,08/05/2024 21:03
addClientDB,08/05/2024 21:03
getClients,08/05/2024 21:03
createClientTabletDB,08/05/2024 21:04
createHypeTierTableDB,08/05/2024 21:04
addClientDB,08/05/2024 21:04
addClientDB,08/05/2024 21:04
addClientDB,08/05/2024 21:04
addClientDB,08/05/2024 21:04
addClientDB,08/05/2024 21:04
createClient,08/05/2024 21:04
createClientTabletDB,08/05/2024 21:05
createHypeTierTableDB,08/05/2024 21:05
addClientDB,08/05/2024 21:05
addClientDB,08/05/2024 21:05
addClientDB,08/05/2024 21:05
addClientDB,08/05/2024 21:05
addClientDB,08/05/2024 21:05
addClientDB,08/05/2024 21:05
createClient,08/05/2024 21:05
createClientTabletDB,08/05/2024 21:05
createHypeTierTableDB,08/05/2024 21:05
addClientDB,08/05/2024 21:05
addClientDB,08/05/2024 21:05
addClientDB,08/05/2024 21:05
addClientDB,08/05/2024 21:05
addClientDB,08/05/2024 21:05
addClientDB,08/05/2024 21:05
addClientDB,08/05/2024 21:05
getClients,08/05/2024 21:05
createClientTabletDB,08/05/2024 21:14
createHypeTierTableDB,08/05/2024 21:14
addClientDB,08/05/2024 21:14
addClientDB,08/05/2024 21:14
addClientDB,08/05/2024 21:14
addClientDB,08/05/2024 21:14
addClientDB,08/05/2024 21:14
addClientDB,08/05/2024 21:14
addClientDB,08/05/2024 21:14
addhypeTierDB,08/05/2024 21:14
addhypeTierDB,08/05/2024 21:14
addhypeTierDB,08/05/2024 21:14
updateHypeTierNameDB,08/05/2024 21:15
updatehypeTier,08/05/2024 21:15
createClientTabletDB,08/05/2024 21:31
createHypeTierTableDB,08/05/2024 21:31
createMovieTableDB,08/05/2024 21:31
addClientDB,08/05/2024 21:31
addClientDB,08/05/2024 21:31
addClientDB,08/05/2024 21:31
addClientDB,08/05/2024 21:31
addClientDB,08/05/2024 21:31
addClientDB,08/05/2024 21:31
addClientDB,08/05/2024 21:31
addhypeTierDB,08/05/2024 21:31
addhypeTierDB,08/05/2024 21:31
createClientTabletDB,08/05/2024 21:36
createHypeTierTableDB,08/05/2024 21:36
createMovieTableDB,08/05/2024 21:36
addClientDB,08/05/2024 21:36
addClientDB,08/05/2024 21:36
addClientDB,08/05/2024 21:36
addClientDB,08/05/2024 21:36
addClientDB,08/05/2024 21:36
addClientDB,08/05/2024 21:36
addClientDB,08/05/2024 21:36
addMovieDB,08/05/2024 21:36
addMovieDB,08/05/2024 21:36
addMovieDB,08/05/2024 21:36
addMovieDB,08/05/2024 21:36
addMovieDB,08/05/2024 21:36
addhypeTierDB,08/05/2024 21:36
addhypeTierDB,08/05/2024 21:36
createClientTabletDB,08/05/2024 21:48
createHypeTierTableDB,08/05/2024 21:48
createMovieTableDB,08/05/2024 21:48
addClientDB,08/05/2024 21:48
addClientDB,08/05/2024 21:48
addClientDB,08/05/2024 21:48
addClientDB,08/05/2024 21:48
addClientDB,08/05/2024 21:48
addClientDB,08/05/2024 21:48
addClientDB,08/05/2024 21:48
addhypeTierDB,08/05/2024 21:48
addhypeTierDB,08/05/2024 21:48
createClientTabletDB,08/05/2024 21:49
createHypeTierTableDB,08/05/2024 21:49
createMovieTableDB,08/05/2024 21:49
addClientDB,08/05/2024 21:49
addClientDB,08/05/2024 21:49
addClientDB,08/05/2024 21:49
addClientDB,08/05/2024 21:49
addClientDB,08/05/2024 21:49
addClientDB,08/05/2024 21:49
addClientDB,08/05/2024 21:49
addMovieDB,08/05/2024 21:49
addMovieDB,08/05/2024 21:49
addMovieDB,08/05/2024 21:49
addMovieDB,08/05/2024 21:49
addMovieDB,08/05/2024 21:49
addhypeTierDB,08/05/2024 21:49
addhypeTierDB,08/05/2024 21:49
deleteEvent,08/05/2024 21:49
createClientTabletDB,08/05/2024 21:56
createHypeTierTableDB,08/05/2024 21:56
createMovieTableDB,08/05/2024 21:56
addClientDB,08/05/2024 21:56
addClientDB,08/05/2024 21:56
addClientDB,08/05/2024 21:56
addClientDB,08/05/2024 21:56
addClientDB,08/05/2024 21:56
addClientDB,08/05/2024 21:56
addClientDB,08/05/2024 21:56
addMovieDB,08/05/2024 21:56
addMovieDB,08/05/2024 21:56
addMovieDB,08/05/2024 21:56
addMovieDB,08/05/2024 21:56
addhypeTierDB,08/05/2024 21:56
addhypeTierDB,08/05/2024 21:56
deleteEvent,08/05/2024 21:57
getEvents,08/05/2024 21:57
deleteEvent,08/05/2024 21:58
getEvents,08/05/2024 21:58
deleteEvent,08/05/2024 21:58
deleteEvent,08/05/2024 21:58
deleteEvent,08/05/2024 21:58
createClientTabletDB,07/06/2024 13:33
createHypeTierTableDB,07/06/2024 13:33
createMovieTableDB,07/06/2024 13:33
addClientDB,07/06/2024 13:33
addClientDB,07/06/2024 13:33
addClientDB,07/06/2024 13:33
addClientDB,07/06/2024 13:33
addClientDB,07/06/2024 13:33
addClientDB,07/06/2024 13:33
addClientDB,07/06/2024 13:33
addMovieDB,07/06/2024 13:33
addMovieDB,07/06/2024 13:33
addMovieDB,07/06/2024 13:33
addhypeTierDB,07/06/2024 13:33
addhypeTierDB,07/06/2024 13:33
createClientTabletDB,07/06/2024 13:40
createHypeTierTableDB,07/06/2024 13:40
createMovieTableDB,07/06/2024 13:40
addClientDB,07/06/2024 13:40
addClientDB,07/06/2024 13:40
addClientDB,07/06/2024 13:40
addClientDB,07/06/2024 13:40
addClientDB,07/06/2024 13:40
addClientDB,07/06/2024 13:40
addClientDB,07/06/2024 13:40
addMovieDB,07/06/2024 13:40
addMovieDB,07/06/2024 13:40
addMovieDB,07/06/2024 13:40
addhypeTierDB,07/06/2024 13:40
addhypeTierDB,07/06/2024 13:40
createClient,07/06/2024 13:40
createClientTabletDB,07/06/2024 13:44
createHypeTierTableDB,07/06/2024 13:44
createMovieTableDB,07/06/2024 13:44
addClientDB,07/06/2024 13:44
addClientDB,07/06/2024 13:44
addClientDB,07/06/2024 13:44
addClientDB,07/06/2024 13:44
addClientDB,07/06/2024 13:44
addClientDB,07/06/2024 13:44
addClientDB,07/06/2024 13:44
addClientDB,07/06/2024 13:44
addMovieDB,07/06/2024 13:44
addMovieDB,07/06/2024 13:44
addMovieDB,07/06/2024 13:44
addhypeTierDB,07/06/2024 13:44
addhypeTierDB,07/06/2024 13:44
createClient,07/06/2024 13:45
createClientTabletDB,07/06/2024 16:02
createHypeTierTableDB,07/06/2024 16:02
createMovieTableDB,07/06/2024 16:02
addClientDB,07/06/2024 16:02
addClientDB,07/06/2024 16:02
addClientDB,07/06/2024 16:02
addClientDB,07/06/2024 16:02
addClientDB,07/06/2024 16:02
addClientDB,07/06/2024 16:02
addClientDB,07/06/2024 16:02
addClientDB,07/06/2024 16:02
addClientDB,07/06/2024 16:02
addMovieDB,07/06/2024 16:02
addMovieDB,07/06/2024 16:02
addMovieDB,07/06/2024 16:02
addhypeTierDB,07/06/2024 16:02
addhypeTierDB,07/06/2024 16:02
createClient,07/06/2024 16:02
createClientTabletDB,07/06/2024 16:02
createHypeTierTableDB,07/06/2024 16:02
createMovieTableDB,07/06/2024 16:02
addClientDB,07/06/2024 16:02
addClientDB,07/06/2024 16:02
addClientDB,07/06/2024 16:02
addClientDB,07/06/2024 16:02
addClientDB,07/06/2024 16:02
addClientDB,07/06/2024 16:02
addClientDB,07/06/2024 16:02
addClientDB,07/06/2024 16:02
addClientDB,07/06/2024 16:02
addClientDB,07/06/2024 16:02
addMovieDB,07/06/2024 16:02
addMovieDB,07/06/2024 16:02
addMovieDB,07/06/2024 16:02
addhypeTierDB,07/06/2024 16:02
addhypeTierDB,07/06/2024 16:02
updateClientDB,07/06/2024 16:03
updateClient,07/06/2024 16:03
createClientTabletDB,07/06/2024 16:03
createHypeTierTableDB,07/06/2024 16:03
createMovieTableDB,07/06/2024 16:03
addClientDB,07/06/2024 16:03
addClientDB,07/06/2024 16:03
addClientDB,07/06/2024 16:03
addClientDB,07/06/2024 16:03
addClientDB,07/06/2024 16:03
addClientDB,07/06/2024 16:03
addClientDB,07/06/2024 16:03
addClientDB,07/06/2024 16:03
addClientDB,07/06/2024 16:03
addClientDB,07/06/2024 16:03
addMovieDB,07/06/2024 16:03
addMovieDB,07/06/2024 16:03
addMovieDB,07/06/2024 16:03
addhypeTierDB,07/06/2024 16:03
addhypeTierDB,07/06/2024 16:03
getEvents,07/06/2024 16:03
gethypeTiersByType,07/06/2024 16:05
gethypeTiersByType,07/06/2024 16:05
buyTicket,07/06/2024 16:06
getClients,07/06/2024 16:06
